name,matric_no,department,level,attendance,study_hours,ca1,ca2,assignment_score,num_courses,exam_score,gpa_sem1,gpa_sem2,cgpa,avg_course_score,at_risk
Aisha Nwosu,2022001039,Early Childhood Education,300,65.44708168104012,1.0,85.63253908923002,48.622161083516566,96.63501530566356,8,71.75115695521913,3.66,3.63,3.53,74.88,0
Sola Eze,2023001381,History,200,51.86358959054472,6.0,88.64018007309288,49.18940755820259,30.843630411114763,7,85.45895860192817,3.48,3.64,3.67,67.92,0
Kemi Adeyemi,2023002972,Yoruba Education,100,37.93625260431271,8.0,49.907799420138616,47.83098450822272,83.41135077437237,9,,3.45,3.66,3.47,69.32,1
Yusuf Eze,2018008956,Geography,200,66.29693712120825,6.0,51.265763288696085,39.452666723936524,97.91411007988904,8,92.4779046356561,3.59,3.74,3.69,74.72,0
Yusuf Ajayi,2023005129,Educational Management,300,97.35660259631454,4.0,91.20339794343693,96.06588576725979,93.41315531724447,5,86.4040888839611,4.39,4.49,4.47,90.7,0
Emeka Olawale,2021007385,Early Childhood Education,100,77.41374804892311,9.0,31.67792488695688,58.14334587099486,97.94971128373491,6,47.30869581556111,3.04,2.8,2.97,56.48,0
Aisha Nwosu,2020004703,History,400,67.2079261808602,4.0,66.43202106370595,45.72826321821116,68.52264539883475,6,68.91141834130327,3.16,3.22,3.22,63.7,0
Kemi Ajayi,2021002557,Guidance and Counselling,200,42.194984811925046,8.0,62.457300027705074,89.26697353557705,35.47092979197718,7,50.8188371365506,3.13,3.13,3.05,57.77,1
Chioma Nwosu,2024004340,Biology,400,51.408358885723175,5.0,,57.943671186045336,89.48524384635253,6,53.08497656860517,3.24,3.38,3.18,66.38,0
Aisha Olawale,2024001825,Yoruba Education,300,54.160306722345275,1.0,41.43741901046181,32.45817677767666,72.96797790663081,9,95.23610584609975,3.42,3.48,3.54,67.47,0
Tunde Ogunleye,2023007931,Educational Management,200,84.71223091947023,,76.78315185566076,41.33590991747418,73.03157209318023,6,77.73271335469515,3.83,3.64,3.75,69.32,0
Ade Ogunleye,2021002651,Geography,100,91.98620182220026,1.0,56.37138055124135,74.7475238249319,59.20775269010804,7,98.2213289275774,3.71,3.69,3.82,77.35,0
Sola Olawale,2023004387,English Language,300,93.6067204818185,10.0,73.31003447187494,84.80336919202068,70.02893835647764,5,59.18387757031212,3.18,3.58,3.37,69.3,0
Sola Okeke,2020009819,Early Childhood Education,200,98.99695953629902,7.0,32.80665069109431,44.76540719420991,40.750584536028015,9,67.62063013477837,2.73,2.49,2.47,50.71,0
Sola Okeke,2022006327,Chemistry,100,98.85383440179461,4.0,62.32090380291566,94.21769124862995,,9,,3.54,3.29,3.51,73.3,0
Sola Ogunleye,2022005126,Chemistry,400,96.94494362991878,5.0,66.55756257876604,89.5697984036515,35.25121151460796,8,37.51009402666088,2.66,2.34,2.47,53.28,0
Tunde Sanni,2019005886,History,200,39.66843913268748,7.0,45.00284819984906,89.38665278427567,81.08465369306543,6,46.56913961686223,3.0,2.93,3.0,61.72,1
Ibrahim Sanni,2019008055,Guidance and Counselling,100,43.95657983530734,3.0,39.77365579253845,,89.42848958373978,5,66.93454524231376,3.13,3.17,3.09,61.8,1
Emeka Abdullahi,2018003290,Political Science,200,,3.0,43.1932012108611,,63.07280742951417,8,34.71620135931044,1.95,2.11,2.19,41.85,1
Yusuf Sanni,2018006727,English Language,200,70.93838651419,5.0,54.089875464434364,90.71964776378086,65.68812562399346,7,95.20233505162224,3.98,4.04,3.92,80.18,0
Tunde Nwosu,2021008853,Educational Management,400,41.30356276585616,3.0,36.776710451348,51.40601601169972,51.85499910454548,9,38.66905773603595,2.24,2.47,2.32,43.48,1
Ngozi Olawale,2021006151,Business Education,300,89.97680225713927,8.0,96.31238570107232,73.32414668214682,97.86210086079113,8,43.8586522491835,3.4,3.36,3.39,71.04,0
Ibrahim Ogunleye,2019005018,Yoruba Education,100,75.08915164002508,2.0,58.34958430470721,83.1976818590511,81.31871321916817,7,83.57248567570456,3.8,3.9,3.74,78.0,0
Ade Abdullahi,2020002306,Educational Management,100,70.25368614964333,9.0,86.62787217547242,38.98052809577841,55.82919873102415,9,36.78541792525196,2.5,2.6,2.58,51.0,0
Sola Abdullahi,2022003234,English Language,300,45.745236018873925,4.0,,84.65868481633336,42.23651703631035,9,93.01946697307866,3.9,4.0,4.11,82.23,1
Kemi Okeke,2019009513,Yoruba Education,100,51.46160583601283,6.0,35.65146960019174,95.6958021272746,45.37057145414639,7,80.7990679505775,3.32,3.39,3.3,67.66,0
Yusuf Okeke,2020005870,Chemistry,200,45.420281623846776,2.0,75.61686275544957,80.98624760224862,62.474560027703504,5,34.80345999762012,2.9,2.65,2.82,57.74,1
Emeka Adeyemi,2020003711,Yoruba Education,100,90.3756552566619,4.0,90.99863607188499,60.885592393639065,95.97978802200365,5,78.42929428999571,3.99,4.26,3.85,80.94,0
Tunde Olawale,2021004764,Mathematics,100,72.97481090397918,8.0,74.39641037767097,91.3674697126192,81.39024420326427,7,74.21399795199224,3.92,3.85,3.88,79.12,0
Yusuf Ajayi,2020006201,Biology,400,82.78341278877616,3.0,60.031828495018885,,45.06706237254049,7,83.01446029179431,3.38,3.69,3.5,67.61,0
Yusuf Ajayi,2023005837,Political Science,100,54.24213608915167,2.0,60.17534503465568,82.13396494717279,90.16927933932286,5,87.9738496742535,3.99,4.08,3.95,81.69,0
Chioma Nwosu,2020007297,Geography,100,59.131421410738014,6.0,32.51292202051512,87.43541607010229,56.47403661067767,5,80.28453942212084,3.47,3.52,3.61,67.4,0
Aisha Nwosu,2021003317,Yoruba Education,400,61.315572687724696,2.0,67.42205259024928,82.4547003189304,89.6205527926763,8,,4.03,3.81,3.89,76.31,0
Tunde Eze,2020006842,Geography,100,84.40097316336227,4.0,,50.14984132337078,46.918971858679164,8,52.57243230072444,2.95,3.01,2.96,60.35,0
Emeka Balogun,2019004983,Educational Management,400,85.20294419884692,5.0,97.10952681803539,38.249073063408176,73.30624283554224,5,78.80915632809504,3.74,3.58,3.62,73.26,0
Aisha Eze,2022009464,Economics,100,48.44287928841206,6.0,32.82794601895142,,,7,96.98801092415457,3.65,3.7,3.48,73.67,1
Emeka Abdullahi,2019002421,Physics,100,96.20002568797644,7.0,79.40579025406417,65.20124558862473,48.05258064034559,5,71.12652463702119,3.4,3.4,3.29,66.98,0
Emeka Nwosu,2020002335,Chemistry,100,42.842596933839616,7.0,51.123540668785154,65.3693845605167,78.50486134100984,8,76.50414079039777,3.71,3.36,3.63,69.6,1
Chioma Okeke,2023005154,Biology,300,93.24793535753597,9.0,93.20924073842957,70.78510445201763,99.11188339700007,9,60.598962953986046,3.92,3.82,3.66,76.86,0
Kemi Abdullahi,2024005574,Physics,300,41.52571696723761,1.0,33.1580321996495,57.65712862835236,40.54188010701024,9,82.92845668201521,2.71,2.88,2.72,59.44,1
Ibrahim Ogunleye,2022007217,History,200,52.19508772483522,4.0,95.51118714077563,85.08239670150193,36.18816034904721,7,99.83671746370452,4.23,4.51,4.33,83.29,0
Sola Okeke,2024004635,Geography,100,90.02110484441721,1.0,88.62330206514437,93.92076252430455,77.19366347113714,8,41.22725268474153,3.61,3.41,3.68,68.44,0
Sola Ogunleye,2023009222,Yoruba Education,100,46.66698470249568,1.0,38.225306757682105,47.27075374356299,53.78151634243213,9,44.16836956526336,2.24,2.51,2.45,45.52,1
Ngozi Ajayi,2021005267,History,300,61.88191553514804,3.0,34.187703612210946,81.55662523913216,34.987113415661376,8,67.76064310650726,3.01,2.83,2.87,57.25,0
Aisha Abdullahi,2023002163,Early Childhood Education,100,64.2408544963682,6.0,88.42953650288551,,63.27139325185229,7,63.696277808316076,3.46,3.6,3.66,71.31,0
Ade Okeke,2020002072,Yoruba Education,300,50.94183324650863,9.0,40.903036968220555,66.61633494955205,82.7639475750769,8,70.00988491547031,3.08,3.1,3.02,66.06,0
Yusuf Abdullahi,2021009759,Political Science,300,81.16593808683913,8.0,67.44287070831093,43.197116371191214,49.958568029063215,7,33.43518334069911,2.3,2.21,2.35,45.49,0
Emeka Abdullahi,2021002206,English Language,400,90.33675221114325,7.0,94.10214005150966,85.66625810078966,53.453281425359435,9,58.29935194313143,3.23,3.53,3.25,69.96,0
Kemi Olawale,2024009529,Biology,200,91.84738409061217,8.0,69.72136794845264,97.24383999401829,89.19895804528805,7,70.80847834458925,3.94,4.22,4.19,79.56,0
Sola Olawale,2023003502,Yoruba Education,100,57.05593947287646,2.0,57.80633110309769,80.52854325635295,66.40503385830417,9,70.9633945913474,3.66,3.5,3.54,69.33,0
Sola Ajayi,2021001840,Computer Science,200,69.50527562870795,9.0,61.15112383977946,94.25019976380138,88.99123781645304,5,,3.68,4.17,3.82,79.28,0
Ibrahim Adeyemi,2022003742,English Language,400,51.14641625126735,9.0,34.41820194927097,98.89296854635998,61.24726445005966,5,80.41512203018647,3.36,3.65,3.48,71.08,0
Ngozi Okeke,2019006531,Chemistry,300,50.91177260075945,1.0,,54.643547196746674,96.70826130920724,5,,3.84,4.23,4.06,79.8,0
Yusuf Balogun,2023004850,Geography,300,45.48151408537507,5.0,51.745792955675796,74.67564870484358,75.55562128024158,7,85.31702087726046,3.72,3.72,3.67,74.52,1
Yusuf Abdullahi,2021008069,Educational Management,200,96.10123570248845,9.0,43.25544441709977,63.175291634665456,38.11292057234746,8,,2.87,3.28,3.13,58.4,0
Aisha Abdullahi,2021006498,Chemistry,100,92.71927385936269,5.0,50.02331112882767,99.06401228042611,91.95650917587605,6,67.6255363776043,3.97,3.69,3.77,75.26,0
Tunde Olawale,2023004606,Computer Science,400,85.5283163663,9.0,97.50612364240352,36.566547680540744,64.24856335815585,5,72.43375002214677,3.58,3.32,3.51,68.64,0
Ibrahim Eze,2022006711,Business Education,400,68.64799888370239,10.0,,58.86624400080572,39.914727758103346,9,37.08353567273326,2.17,1.91,2.09,41.91,1
Sola Adeyemi,2018009742,Business Education,400,66.88951450827167,5.0,90.71121283508269,91.28773311690654,40.68830936889945,8,49.1209578507864,3.23,3.56,3.39,64.19,0
Kemi Sanni,2020004705,Political Science,400,69.43346830186238,1.0,79.54907260810134,49.88359173685608,78.12737545769103,8,,3.47,3.54,3.46,68.28,0
Ade Eze,2019002380,Computer Science,200,69.8769208825108,4.0,88.10134254113197,85.14549954472109,33.31607547106429,7,91.1091050781195,3.76,3.84,3.81,77.76,0
Sola Eze,2023004678,Early Childhood Education,200,63.246600505349875,3.0,98.31282782575275,56.7948213946179,50.061563543966926,7,77.53360894015952,3.73,3.79,3.82,72.05,0
Ngozi Okeke,2018008560,English Language,100,43.56406413798439,5.0,88.95082588618104,98.59849779231108,39.78513133289077,5,36.32856549303283,2.83,3.1,3.17,60.0,1
Ade Eze,2019002958,Political Science,400,43.16815043645484,6.0,96.0367645894497,91.84708854965953,60.875420073209895,5,,4.04,4.21,4.22,78.34,1
Yusuf Olawale,2022009541,Computer Science,300,96.89623152996941,5.0,38.885467975364385,51.09242503638308,59.00476403960529,9,45.52165913459693,2.58,2.17,2.47,48.01,0
Ngozi Ajayi,2022006294,Physics,200,66.33199937311278,2.0,85.7051995616879,83.91351794764986,66.53135042821992,6,81.3811591852106,4.02,3.95,4.29,79.78,0
Ade Balogun,2021006413,Physics,400,96.95835911883728,4.0,68.19729858567334,53.57995806832881,49.574543037177115,8,87.9208596756123,3.45,3.4,3.48,69.44,0
Ngozi Nwosu,2024003853,Economics,300,,7.0,68.04469165559024,72.44539881508746,32.243051256472405,8,71.54193908129812,3.22,2.86,3.09,63.16,1
Aisha Adeyemi,2024009283,Yoruba Education,400,71.03707588259567,1.0,92.92451034243595,76.09365378753043,73.00702745746301,6,71.39538268261968,3.42,4.01,3.78,76.96,0
Yusuf Sanni,2018001324,Physics,400,48.50162146785005,3.0,98.02626730526978,88.07167863599935,56.16026020176459,6,53.70140102475698,3.54,3.46,3.4,69.93,1
Sola Nwosu,2024003687,Economics,100,51.4569993982291,9.0,79.33868261302267,31.711558861741043,75.59344991180325,8,61.23750148129166,3.07,3.2,3.09,61.82,0
Ibrahim Ogunleye,2022004765,Chemistry,200,36.95354761947662,1.0,63.80568726302487,45.411052380660976,37.60668795629879,5,90.48758476707418,3.27,3.63,3.4,65.56,1
Yusuf Balogun,2022005295,Early Childhood Education,300,42.731965198113734,,61.94827005312918,79.8342467412005,30.964414870583525,7,80.63242316770095,3.45,3.29,3.43,66.8,1
Ibrahim Nwosu,2018005266,Guidance and Counselling,400,94.59514649589772,3.0,57.043902005622726,69.44662658786761,47.38059735197049,9,66.38275617870902,3.06,3.0,3.01,61.33,0
Kemi Eze,2022002331,Geography,100,,2.0,55.311932070086385,64.69235547408002,61.95831260958366,8,55.77626703738596,2.76,2.95,2.87,58.7,0
Yusuf Adeyemi,2023003030,Guidance and Counselling,200,,5.0,57.4054789179102,33.86469696955863,57.585038191792705,8,33.5265816801988,2.14,2.31,2.33,43.18,1
Ngozi Sanni,2022001857,Educational Management,300,65.22591857930274,6.0,36.28272646758367,54.37931184230193,86.72117886914265,5,40.01051809284696,2.58,2.49,2.62,51.48,0
Chioma Sanni,2018006151,Geography,400,61.02933094094309,2.0,35.42052596823068,90.55701623374539,56.44863509349768,5,43.511763267755946,2.71,2.6,2.64,53.89,0
Tunde Nwosu,2021004157,Physics,100,69.57259593749443,1.0,84.59088907106182,32.162498592522255,67.13088257221553,6,56.13684802810723,2.99,3.12,2.99,59.23,0
Kemi Okeke,2024006091,Political Science,300,47.1705313999972,2.0,61.22510250441583,57.75053647553685,71.54609147095346,6,96.09005529533923,3.98,3.88,4.05,76.54,1
Ade Adeyemi,2023006306,Geography,200,99.25925340377248,7.0,95.14791419812343,96.16038013695409,31.52819741520681,5,65.3607376401124,3.37,3.23,3.38,70.71,0
Yusuf Abdullahi,2018007317,Geography,100,88.1900114657511,9.0,,33.56165141815102,66.05933637923323,9,46.438811428146174,2.68,2.47,2.41,53.07,0
Ibrahim Abdullahi,2024005922,Economics,300,83.2049511275485,2.0,32.46231875290938,82.47940257312457,54.13818815791865,5,,2.63,2.66,2.62,48.78,0
Emeka Okeke,2024006830,Political Science,200,65.4693543059069,4.0,41.026633892223565,48.032883132742555,59.489608937827825,8,53.68138672220748,2.3,2.62,2.48,51.18,0
Kemi Adeyemi,2019006283,Economics,300,44.937012938211836,4.0,44.40738551091053,90.66261825075708,37.02011789466752,7,87.10114448857398,3.49,3.35,3.5,69.26,1
Sola Olawale,2023006871,Physics,200,94.84328078778191,4.0,98.30152170727624,82.22475852715556,84.79743959540517,8,56.83399553873555,3.7,3.76,3.82,75.8,0
Aisha Adeyemi,2020006549,Early Childhood Education,400,57.1901593798123,3.0,45.309295830614445,91.9993619600854,95.96829755659658,6,84.07540642156894,3.96,4.02,4.02,80.29,0
Ngozi Eze,2022003845,Computer Science,100,38.25693483030069,1.0,66.1028973401636,45.11473533018862,31.558817444072,6,86.18934832888152,3.02,3.26,3.2,63.03,1
Sola Eze,2021003216,Chemistry,400,57.25623899269087,6.0,95.53238521481373,67.19049283730234,72.09609339679434,8,37.75745387890929,3.08,2.9,3.0,62.07,0
Emeka Olawale,2023008086,Educational Management,100,86.63970698223248,4.0,98.40349109400502,84.54889605023605,83.46908471018506,6,72.60618268387486,4.39,3.99,4.12,82.33,0
Yusuf Sanni,2024004083,Computer Science,300,75.47606842423353,,46.54523047684812,47.198982009648674,49.93653120549226,8,97.13672443597775,3.19,3.42,3.28,67.59,0
Emeka Olawale,2023005941,Political Science,200,83.80450800841588,3.0,,46.15224136870519,85.12889094042518,5,58.149665243248776,2.63,2.8,2.72,56.2,0
Emeka Nwosu,2024002772,English Language,200,86.58629995105454,10.0,40.752128277643095,31.90274934483095,74.26485355364109,5,33.56608623021156,1.95,2.23,2.08,42.81,1
Ngozi Ajayi,2024004882,Physics,100,48.77704972023527,7.0,34.43299350917907,97.09607057828167,95.0413842589749,8,94.6311883180515,4.42,3.97,4.01,83.17,1
Emeka Sanni,2018005766,Yoruba Education,300,95.0459155460567,5.0,43.65869687646355,79.70118160382364,98.6703367947641,8,,3.99,4.11,4.01,81.15,0
Chioma Eze,2019006633,History,100,63.46932418982422,3.0,69.79988002926149,74.48922478071293,32.96422797990934,5,66.54990130463013,3.1,3.27,3.19,62.07,0
Chioma Adeyemi,2023005736,Computer Science,300,76.5358872021707,9.0,93.87141574069493,82.07963058864937,61.145643271890435,9,68.65771842408068,3.68,3.82,3.72,74.88,0
Kemi Olawale,2022004245,Guidance and Counselling,300,35.15007021813823,9.0,67.6053218586038,67.21290430868075,68.28914513047528,5,44.82187719432874,2.79,2.95,2.84,58.55,1
Kemi Okeke,2018009654,History,400,99.56895239672657,1.0,73.81926896893566,63.32936747632873,40.27202632453567,9,87.3615528881246,3.49,3.51,3.55,70.43,0
Ibrahim Nwosu,2018005614,Physics,300,53.25826508767008,10.0,44.13070761266788,61.46725687864646,53.54000812991532,8,64.90200268744886,3.26,2.76,2.9,57.79,0
Emeka Abdullahi,2021008273,Geography,200,39.03410192511009,7.0,86.04085344716951,74.83074484725489,99.13532134295232,9,32.37144565997895,3.46,3.24,3.18,64.95,1
Ibrahim Sanni,2022007629,English Language,300,64.78703269987341,1.0,73.24522359539083,44.10744827746682,31.136131943973,9,77.81104695142984,2.91,3.23,3.04,60.82,0
Emeka Nwosu,2019006024,Guidance and Counselling,400,43.386953716832714,8.0,90.48957804349074,92.16410865104088,61.67555520670689,6,96.53473888618943,4.47,4.36,4.49,87.48,1
Aisha Abdullahi,2019008976,Early Childhood Education,200,44.90123616024242,2.0,96.41901749040488,86.82266598534855,88.98582352027373,8,88.04053432420253,4.36,4.35,4.52,89.66,1
Sola Balogun,2018002154,Educational Management,100,76.09838284696366,1.0,54.35305430296146,54.46945280164237,52.67308839035019,6,,2.34,2.53,2.51,52.06,0
Sola Ajayi,2021009288,Guidance and Counselling,400,60.54028045206516,2.0,36.340534097480756,70.5026507768767,63.58589519286073,7,33.73275594533384,2.53,2.41,2.32,47.58,0
Sola Balogun,2018008651,Computer Science,100,94.92040926007468,5.0,45.81502705417478,39.87191099650102,98.4632022051586,6,95.82459887767264,3.93,3.7,3.79,75.16,0
Kemi Olawale,2022005532,Computer Science,300,55.74517214952455,7.0,60.6489095973086,98.06423735535186,63.24137855329927,7,95.5943907415791,4.29,4.2,4.27,82.63,0
Yusuf Abdullahi,2021007599,English Language,100,82.20170834495357,5.0,96.19855562771313,93.20248813411985,39.16449185025493,9,67.26907237990085,3.56,3.71,3.65,72.62,0
Sola Adeyemi,2021005681,Political Science,100,64.97146296006899,2.0,56.48168756613907,94.53282545494403,33.62050441664737,7,74.96221881700745,3.32,3.48,3.45,66.91,0
Chioma Olawale,2022003418,History,400,77.89683457340311,2.0,83.9541249565759,53.25141333924161,96.1791600707964,5,62.38200424975658,3.69,3.8,3.65,71.63,0
Sola Okeke,2021008198,Economics,100,73.98019818653938,9.0,67.83336845195285,41.8394295167999,48.6066589292546,6,59.383575696913105,2.83,2.92,2.88,55.41,0
Tunde Okeke,2023003213,Geography,300,65.73095822933487,10.0,42.796613930168355,44.824051442641725,65.28447345951857,8,38.36139051500903,2.24,2.16,2.24,45.93,0
Yusuf Olawale,2023003829,Political Science,300,96.75397115058841,8.0,,36.30009737315629,36.3491236262978,7,36.77270288527672,1.74,1.85,1.88,39.73,1
Tunde Adeyemi,2024005673,Early Childhood Education,100,57.276386779072126,2.0,,38.4077441070969,59.65585843854235,7,46.291250267333126,2.68,2.65,2.59,53.27,0
Tunde Ogunleye,2023008535,Biology,100,46.520307581202715,9.0,77.09973762794255,34.99131739293918,95.10738634750868,7,88.5648522484581,4.01,3.78,3.86,76.87,1
Aisha Abdullahi,2021004454,Guidance and Counselling,400,79.07611395718884,7.0,60.43318227663323,99.28761484434115,65.16890955416568,6,40.2082610514976,2.87,2.88,2.61,61.06,0
Ibrahim Olawale,2021005446,Business Education,300,89.99049148501408,6.0,46.005192186348026,35.18403783583515,97.97946062616295,7,45.86890563402975,2.8,2.64,2.66,54.18,0
Chioma Okeke,2019001374,English Language,100,37.61649309609504,2.0,80.53347456588735,,48.11849460661797,8,68.40298415255452,3.1,2.98,2.98,60.95,1
Ibrahim Ajayi,2022002042,Economics,400,64.22612474747424,10.0,41.82111291289003,87.90782169135156,65.3181667792756,9,45.05918526547921,2.96,2.75,2.76,57.03,0
Yusuf Abdullahi,2018001503,Chemistry,200,93.01169982967622,5.0,95.56687843055886,,90.16715542665277,8,41.4244679302451,3.52,3.34,3.45,67.84,0
Kemi Ogunleye,2024001648,Biology,100,83.72521022998639,1.0,43.15325053255337,84.20920431985326,61.377664818762064,9,69.43213691885737,3.17,3.45,3.31,65.52,0
Kemi Sanni,2023008815,Business Education,400,99.46750157234584,3.0,37.51186539827643,74.16384054408584,49.564116149913275,9,55.76652896976309,2.49,2.76,2.4,54.55,0
Yusuf Ajayi,2018008577,Early Childhood Education,100,69.54189775382085,5.0,64.83533916557651,91.75225492302636,89.88327543925172,5,73.83115000883285,3.86,4.31,4.11,78.83,0
Emeka Balogun,2023008396,Political Science,300,77.89972172207483,1.0,66.36847186767858,74.69272694353184,57.29226282108263,6,93.85437382860735,3.99,3.89,3.85,77.21,0
Tunde Olawale,2018001500,Mathematics,400,54.66121827396533,4.0,65.57350403447714,66.54875650322056,67.15063037421638,6,40.569519200454735,2.72,2.76,2.79,56.08,0
Aisha Eze,2023001698,Guidance and Counselling,300,96.5898139782895,5.0,60.56672425371876,79.89247856329098,98.3568946490602,5,93.94035618691447,4.16,4.27,4.09,85.34,0
Sola Eze,2018003525,Chemistry,300,58.81180675617486,10.0,99.63704249807259,61.31749262544766,43.053830632910476,5,93.17429771960431,3.63,3.94,3.79,78.07,0
Tunde Adeyemi,2021006087,Guidance and Counselling,200,83.00319632463086,1.0,64.03964288694073,54.22446760333143,51.098044570412995,8,88.0361308335132,3.72,3.52,3.59,69.09,0
Kemi Sanni,2022004006,Economics,100,61.204113267740325,6.0,63.45626065178817,62.73567167151487,32.1748720048888,6,74.19001421142596,3.19,3.38,3.32,61.35,0
Tunde Adeyemi,2023005387,English Language,300,71.51823045409495,10.0,59.52362439001929,41.87998735689925,57.42863969370369,5,73.41026602258832,3.17,2.93,3.06,61.13,0
Tunde Sanni,2020002556,Guidance and Counselling,400,81.7858647764005,9.0,34.677802829102404,85.7600210861884,44.01284014094017,6,74.74488619555511,3.28,3.27,3.25,62.79,0
Aisha Eze,2024007576,English Language,100,68.08071986383803,10.0,71.50696418047312,48.249264693516125,77.6024454785524,6,78.33468858524692,3.63,3.57,3.45,70.81,0
Tunde Olawale,2023003824,Political Science,400,93.96061124911805,2.0,45.95774405562277,40.74720824359332,42.69250211360966,5,31.15375404173099,1.88,1.68,1.63,38.34,1
Sola Balogun,2019001598,Business Education,200,62.25456421530767,9.0,74.63262861603349,47.244656924825875,77.23689266841089,5,97.06648054124548,3.91,4.05,3.92,78.65,0
Ngozi Olawale,2022007683,Yoruba Education,300,77.05966687931613,10.0,33.5583423363934,88.94491062405677,48.44327997325224,8,70.99226330259059,3.07,3.32,3.19,62.59,0
Kemi Ajayi,2023009124,Educational Management,100,57.25355816450352,4.0,98.69709708771012,53.1140906918412,54.865248388483984,9,84.70260875816952,4.16,3.63,3.83,75.22,0
Aisha Abdullahi,2020001132,Biology,300,61.53018343501584,5.0,62.830355530887054,78.02349086541301,54.420245643247824,7,56.40972873429542,3.16,3.08,3.18,61.62,0
Ngozi Adeyemi,2023004929,Geography,100,63.6032570351809,6.0,92.77287601134888,89.94867414590175,80.17262251145266,8,30.867804974105717,3.18,2.99,3.05,64.93,0
Yusuf Nwosu,2024008443,English Language,200,43.17745619029854,5.0,63.28928212630544,35.44212668475295,62.65564841968401,9,65.68142619135108,3.0,2.74,2.77,58.55,1
Ade Abdullahi,2023007354,Business Education,300,40.962039138835436,3.0,34.223157300195524,83.551708362463,55.290922919687816,9,65.50330835211503,2.89,3.2,3.02,60.81,1
Chioma Nwosu,2023008708,Mathematics,100,78.38684500453927,10.0,87.5549482265665,51.5365826465321,89.6835903327615,5,60.589250181801624,3.73,3.43,3.6,69.99,0
Chioma Olawale,2022004736,Chemistry,200,77.6086529922984,10.0,75.3728610766994,45.16356549288299,,9,,2.88,2.82,2.88,59.63,0
Yusuf Balogun,2019004349,Business Education,300,78.0891314236562,4.0,84.72299333017617,78.22310167170805,44.96815748945984,5,47.48782614668055,3.1,3.06,3.27,60.58,0
Ade Ajayi,2023007381,Mathematics,100,36.28481894727496,9.0,59.97189044562113,93.68576359132636,93.00638947005778,5,66.92814121480279,3.97,3.73,3.78,76.1,1
Emeka Ogunleye,2020002382,Yoruba Education,200,56.225544773665696,4.0,74.65557209726515,50.65134460986768,,7,56.26946977854459,2.98,2.85,2.9,58.37,0
Aisha Nwosu,2021003154,Political Science,200,47.8576400718478,8.0,89.93603026576253,69.81836637690233,32.728556427612425,8,97.8952318134866,3.9,3.99,3.99,77.65,1
Chioma Abdullahi,2020006406,Guidance and Counselling,300,85.5798424653608,6.0,74.17458100103212,50.28838796946441,64.62201567821171,5,42.104911543685205,2.73,2.56,2.64,54.66,0
Emeka Ajayi,2020007015,Geography,400,90.94097609074845,5.0,54.33715443851323,68.79999100084996,38.675663810861444,6,52.37658973389609,2.66,2.53,2.54,53.31,0
Aisha Okeke,2019002076,Business Education,400,51.03422451969958,2.0,76.37707160563399,,46.69265106010198,6,50.57723296471997,2.89,3.0,2.79,59.55,0
Emeka Abdullahi,2024005574,Physics,100,78.4101953251191,7.0,77.0297932029847,72.72347721531258,82.29776108811878,6,68.031642336517,3.61,3.83,3.67,73.62,0
Chioma Abdullahi,2019004283,Economics,100,43.408582224787835,,97.24108737546375,73.64824587499221,39.1526269363423,9,64.94961798819035,3.62,3.59,3.5,67.99,1
Ade Balogun,2018005515,History,100,52.884914164111365,3.0,55.96386250791684,39.45558545522668,86.4860957047825,6,75.06183257969911,3.3,3.22,3.09,66.41,0
Chioma Adeyemi,2024009624,Early Childhood Education,300,44.01254225517227,2.0,59.755723725989185,78.54783287107037,95.58351016916676,6,96.50012394019456,4.15,4.41,4.2,85.38,1
Yusuf Ajayi,2021001689,Computer Science,100,53.42884982894989,10.0,86.84860728309414,77.23252494661563,72.45724702855613,5,49.965475984570716,3.29,3.25,3.16,67.29,0
Kemi Ajayi,2021009958,History,100,78.85787557770306,2.0,65.40336203199189,77.78116855518182,79.72514344159805,5,78.49400984784975,3.96,4.07,4.08,75.98,0
Ibrahim Olawale,2023005045,Economics,400,94.17124916204142,8.0,,35.18493869170944,79.95106269351922,5,31.752814210362853,2.7,2.43,2.63,52.04,0
Tunde Ogunleye,2020007948,Mathematics,400,48.16395651507209,9.0,62.179662511751445,61.27871896899069,99.49655700893115,7,48.36719309135371,3.28,3.4,3.25,63.94,1
Tunde Eze,2018004819,Chemistry,400,70.23513727179675,1.0,45.08465992688903,,53.9076783541136,7,62.460380959761494,2.79,2.73,2.73,56.51,0
Sola Olawale,2023003798,Economics,200,80.59042158082309,6.0,82.16426899467075,36.06980385502394,41.39995858698917,7,32.16963519367941,2.33,2.54,2.25,44.79,1
Ade Sanni,2019007934,Chemistry,300,96.93996045156177,6.0,39.180861842929694,45.56575495277675,66.34170644400251,9,73.23686223875472,2.88,3.06,2.92,59.51,0
Kemi Olawale,2021007188,Chemistry,300,74.65393138766629,4.0,43.900856447191565,60.86738422586257,67.32748668821958,7,77.48174258811957,3.23,3.12,3.21,65.41,0
Yusuf Sanni,2024002296,Economics,100,51.58195051677974,7.0,73.8777487948946,82.00344169006576,42.45387418073011,5,82.27122003866327,3.77,3.55,3.74,72.58,0
Yusuf Balogun,2024007347,Computer Science,300,75.65608019940586,5.0,82.30888601344489,46.59434538892643,72.91765932958977,6,66.16021533901086,3.47,3.46,3.39,66.83,0
Yusuf Adeyemi,2020007776,Business Education,300,55.831925509071056,5.0,92.62815208074704,88.08249370874381,30.98873134337768,6,72.27612654850387,3.42,3.72,3.67,71.25,0
Emeka Abdullahi,2023004490,Physics,200,98.448345394961,5.0,49.08105481911242,68.20588000176244,94.93678817179551,9,57.72456758949411,3.15,3.27,3.06,65.53,0
Ngozi Olawale,2022009329,Biology,400,60.9789487856364,9.0,37.750698102038804,83.22951796292323,48.52019944748832,6,32.88771227545938,2.37,2.36,2.24,47.06,0
Ibrahim Ajayi,2021006767,English Language,300,79.55280184946592,7.0,96.92326616658404,63.07891883358,,5,36.996629904215915,2.93,2.78,2.92,53.35,0
Ngozi Olawale,2018004002,Yoruba Education,300,36.5097928525393,4.0,40.80961616154997,64.94359577955564,37.577460903239995,8,75.84971469410249,2.66,2.97,2.98,59.01,1
Aisha Abdullahi,2020001096,Educational Management,300,,10.0,43.83668875782477,73.38035725657483,46.81742637957492,7,99.68887097100433,3.68,3.44,3.61,72.68,0
Ibrahim Sanni,2022007073,Early Childhood Education,400,91.88199486596326,9.0,50.3930617490926,94.95794257160769,49.17343180242317,5,31.10622674143073,2.36,2.45,2.4,51.35,0
Aisha Eze,2024002881,Economics,300,74.66478388816098,10.0,67.05739478184012,64.42688069890369,32.296699964841004,8,69.0308447778468,2.92,3.05,2.77,60.37,0
Sola Balogun,2018007807,English Language,200,63.85628761573847,8.0,91.79778962238547,67.00602766758037,49.55483685356104,6,82.57061270177905,3.68,3.92,3.6,74.7,0
Sola Balogun,2023005725,English Language,400,95.83593746332218,4.0,83.23822159109068,72.13978744692707,43.50592155454375,9,87.8742379609715,3.68,3.99,3.85,74.93,0
Kemi Ogunleye,2023005200,Early Childhood Education,300,90.5089844495699,8.0,79.57102876898446,81.6260596108408,56.503464920416306,9,68.1643430855848,3.46,3.66,3.52,70.81,0
Yusuf Sanni,2024002473,Yoruba Education,400,55.94401879849099,4.0,42.262639749920254,35.0295234840364,56.96174161491784,6,73.39411861288735,2.81,2.85,2.72,56.21,0
Sola Eze,2020007402,Yoruba Education,100,70.39564613268708,3.0,55.037784206818195,66.09812069653805,53.73054184220153,7,78.77074616921874,3.24,3.44,3.35,66.48,0
Ibrahim Adeyemi,2018002492,Geography,200,,5.0,63.488344826067454,63.71141124442305,52.954671847149285,7,90.12763747854015,3.38,3.5,3.46,72.08,0
Ade Ogunleye,2019004759,History,400,76.09316250746605,10.0,40.31981674399101,94.51794889662993,36.281189441887584,8,38.56026760419731,2.6,2.46,2.62,49.65,0
Tunde Olawale,2023008525,Business Education,300,56.717232352319115,6.0,,64.54546063054389,31.764346298831352,5,94.83275373924045,3.46,3.23,3.36,67.02,0
Ade Okeke,2024009282,Yoruba Education,400,50.873325049782736,4.0,51.5833242766991,62.78243742860317,44.14800101095266,6,31.8212182486099,2.35,2.03,2.31,44.43,1
Ibrahim Eze,2022009901,Biology,100,,5.0,38.909333883032744,97.35399919742915,,5,,3.73,4.01,3.87,79.26,0
Yusuf Okeke,2018009621,Economics,100,95.0518424674029,3.0,68.51677843357803,61.54035245206171,99.35668358857855,8,35.37182985917881,3.05,3.03,3.03,60.03,0
Kemi Sanni,2018006003,Early Childhood Education,400,89.81598757452863,7.0,79.3519737566935,42.661910122546324,94.99683225401303,5,43.62397481234456,3.14,3.15,3.25,60.85,0
Yusuf Balogun,2021002804,Economics,200,98.5832879996965,4.0,34.895214203380284,45.18412859640518,65.29535488764381,7,30.272590246679282,1.9,2.14,1.92,41.18,1
Yusuf Okeke,2022008550,Computer Science,300,83.42444917567975,6.0,63.67861712342048,36.663127683588186,67.2276699044554,8,61.167969387522845,2.9,2.94,3.2,57.98,0
Ibrahim Nwosu,2018008213,Business Education,200,84.70336985652997,4.0,84.75478366874566,30.03976904812611,52.02070983250898,9,53.40514587021746,2.72,2.82,2.81,54.73,0
Ngozi Ajayi,2022009911,Biology,200,84.56835597757166,4.0,82.35930902667128,60.23619627003373,84.17576070463593,6,41.61950380409191,3.38,3.09,3.27,62.0,0
Chioma Sanni,2021006857,Early Childhood Education,400,66.23949601124993,10.0,87.0551167353128,83.8469806908755,83.5329681552854,5,61.57631125627344,4.06,3.84,4.0,75.52,0
Ngozi Ogunleye,2018002274,Early Childhood Education,100,64.66939264342766,4.0,61.37684432194249,81.3426509959885,89.09906503077113,8,58.165961822052864,3.23,3.37,3.49,69.63,0
Kemi Abdullahi,2018005525,Biology,400,50.614707949685204,1.0,87.43899578479025,32.25043614619951,92.6853204037819,5,83.7362722889119,4.17,3.85,4.09,75.97,0
Kemi Eze,2021005033,History,400,76.91324763335388,4.0,46.85271498499886,69.89880325158231,60.4044473757707,5,92.51912142490227,3.48,3.72,3.44,72.44,0
Kemi Sanni,2023008585,Yoruba Education,300,53.80580884665174,6.0,55.25673929922607,40.79981877894332,83.68128976750384,9,75.67970762369572,3.46,3.21,3.47,66.22,0
Ngozi Ogunleye,2023004532,Geography,200,51.75754663065304,1.0,42.34489034924609,95.8753399335288,86.4479110157115,9,,3.17,3.03,3.06,60.42,0
Ade Okeke,2021003957,Computer Science,100,73.08748931624356,4.0,,41.71554997509255,51.59217357484251,8,50.67735562968954,2.42,2.48,2.46,51.48,0
Aisha Balogun,2020001720,Business Education,300,61.6488552346278,2.0,,73.8647452388237,95.0469570804305,9,93.93228077825958,4.22,4.06,4.01,82.84,0
Ngozi Olawale,2024008518,Educational Management,200,49.22567957165109,6.0,46.86489814900185,52.83668535148398,36.60390518477588,5,36.21141451055224,2.07,1.92,2.05,41.75,1
Ibrahim Nwosu,2021007797,Educational Management,100,88.04364108893402,8.0,82.62464964615471,74.90929281750465,99.5988425414298,5,58.479908757357855,3.82,3.93,3.81,74.82,0
Ngozi Abdullahi,2020001371,Physics,200,90.93704475413443,10.0,51.96927404781526,58.85810175248526,83.90635027112086,6,95.97532334634369,3.9,4.03,3.97,77.34,0
Ade Balogun,2021004903,Biology,400,45.900468779055764,4.0,49.096303110208495,83.17501366144762,36.528963372702904,5,96.546538902864,3.8,3.7,3.72,72.38,1
Ngozi Olawale,2018005316,Political Science,200,,9.0,39.16232315953465,46.14753877295005,75.93607536735004,9,,2.8,3.08,3.13,55.76,1
Ade Ogunleye,2020005223,Computer Science,100,56.848447954409295,3.0,60.71751912613641,93.40542970399821,32.39255876497821,5,76.71778216691581,3.37,3.37,3.57,67.99,0
Yusuf Abdullahi,2021009269,Biology,300,86.83820431924892,8.0,51.20752401861114,65.01467545193465,83.9130864610928,7,61.97219188477993,3.41,3.7,3.56,64.82,0
Kemi Eze,2024002355,Biology,100,89.54630130523108,6.0,55.849098893867804,82.9265203398997,85.94560451613387,9,82.74223776054393,3.99,3.87,3.93,78.04,0
Yusuf Okeke,2023003756,Mathematics,400,43.9913895575432,8.0,46.519808383438686,89.4811133980859,72.16871771640135,8,32.2106931485099,2.84,2.76,2.76,54.52,1
Chioma Balogun,2023002628,Mathematics,400,85.33183357689833,8.0,83.42088428739302,99.91800276683634,89.98022743415993,6,40.09100042449509,3.44,3.48,3.57,70.7,0
Sola Ajayi,2021003196,Economics,400,42.520770875112916,6.0,,45.676196591577074,,7,72.99391624805195,3.08,3.29,3.15,64.72,1
Ade Okeke,2018009163,Early Childhood Education,400,60.354068360174395,3.0,64.85522969522214,50.08246894944184,,7,46.27865837101445,2.48,2.69,2.55,51.36,0
Chioma Okeke,2020009465,Physics,100,99.90961847577454,6.0,75.00988963385828,47.53031607123218,58.99242651148694,8,76.6236609488404,3.25,3.33,3.39,66.96,0
Sola Okeke,2024001401,Biology,100,47.518403510009136,9.0,90.70205936246941,48.40099325118479,,7,54.585604922290884,2.93,3.08,2.95,56.25,1
Chioma Abdullahi,2018006688,Physics,200,45.007632867545716,10.0,99.9180746133561,70.77113190775643,61.37512612998163,6,92.06518906894749,4.31,4.2,4.25,83.24,1
Sola Sanni,2024003095,Business Education,200,62.482021615541576,10.0,72.94615393108825,99.54657662020901,48.564941927879616,8,87.34815698919905,3.93,4.0,3.81,79.15,0
Sola Eze,2022002732,Computer Science,400,75.278454188041,,92.28456265779081,99.31946609649282,57.49145084712271,9,64.49864600481476,4.0,3.64,3.89,75.62,0
Yusuf Eze,2019003628,Geography,300,95.63855085686146,6.0,93.60257725889494,66.87412619536154,59.75718423946145,7,84.10265609664005,4.09,3.95,4.21,77.69,0
Sola Abdullahi,2023002749,Business Education,300,,2.0,85.40160414653357,,91.55882134413795,5,48.97965203645633,3.53,3.48,3.58,69.93,0
Chioma Olawale,2023005411,Geography,400,39.52664137844065,7.0,62.265197375117715,90.19793805911242,48.923867936934734,7,64.59818437683037,3.18,3.21,3.34,66.12,1
Aisha Eze,2018009959,Educational Management,300,43.969838627613846,10.0,35.68078002967295,95.30534209174536,92.56201901013904,9,43.82374363042947,3.35,3.0,3.09,62.24,1
Aisha Adeyemi,2018006277,English Language,200,86.3979683032396,1.0,,44.27024391306807,59.817967536899445,9,90.26203179646957,3.15,3.56,3.38,63.14,0
Yusuf Balogun,2022007508,Political Science,200,52.591089897605926,7.0,63.40404432980472,66.99792102597169,52.94654044857902,7,,3.6,3.55,3.48,71.72,0
Ade Ajayi,2024005439,History,300,92.51518886791344,,64.60201734742324,88.29859382630586,65.17584345346023,5,93.15047678863009,3.99,3.83,3.89,80.88,0
Ibrahim Nwosu,2018001125,Yoruba Education,100,78.12446171989063,9.0,58.51536715040806,51.22414536442142,59.24203004539878,7,91.42338868569816,3.38,3.41,3.48,70.37,0
Yusuf Olawale,2022001756,Yoruba Education,300,42.26991215474402,4.0,69.77171459039552,60.78663297363267,48.01606191386023,9,97.17173834416464,3.51,3.72,3.63,74.58,1
Sola Olawale,2018003419,Business Education,300,89.11440352006046,2.0,68.65138923130989,,65.1875527357247,9,45.98353621423482,3.34,3.33,3.2,64.96,0
Chioma Eze,2022003192,Guidance and Counselling,300,46.46316470052493,,88.5629128722885,98.95326877046097,40.62612131551819,5,95.22770035567208,4.07,4.27,4.04,83.72,1
Sola Nwosu,2022008564,Computer Science,300,62.5272006541775,10.0,37.60599722835837,93.42747675356271,54.63509601160763,6,69.98492339463984,3.72,3.36,3.4,65.13,0
Ngozi Nwosu,2018008591,Political Science,400,70.89202035635645,6.0,45.76243662738818,85.89138413796402,69.60531535618634,7,59.57465587427065,3.04,3.11,3.12,64.08,0
Emeka Abdullahi,2022008686,Guidance and Counselling,400,67.5497996902181,10.0,,48.839135050596404,58.9385771072901,5,69.22617271775111,3.13,3.37,3.46,66.35,0
Tunde Olawale,2024006737,Early Childhood Education,300,79.60058951498478,1.0,89.34858070565582,52.45950518470312,87.67386527355575,9,53.982164965519445,3.45,3.24,3.48,67.49,0
Tunde Abdullahi,2024006005,Biology,200,77.42463776650159,7.0,99.63769495346075,68.30979888434123,47.97052330746163,5,50.198710487266645,3.39,3.07,3.04,63.26,0
Ibrahim Abdullahi,2018006841,Geography,100,99.48273035932357,1.0,91.10384114709589,69.25441621934085,97.8840105181707,8,46.892003658427015,3.53,3.38,3.6,70.41,0
Yusuf Ajayi,2019004660,History,400,99.9624240995722,10.0,92.29293049506317,65.38519735499469,84.9305414595946,9,35.76995926199888,3.23,2.96,3.19,62.83,0
Emeka Olawale,2019007031,Mathematics,400,68.56986117131666,7.0,52.00435598409334,74.56691959414142,97.73151181982306,8,64.75954280030312,3.26,3.7,3.33,70.76,0
Aisha Olawale,2021008149,Mathematics,300,41.18794065245616,,58.11631438065635,58.58261158430922,88.66955883812129,8,92.14331729997213,3.79,4.0,3.87,77.93,1
Sola Okeke,2019007865,Business Education,400,82.3098144329667,6.0,48.76595733743857,82.4421910120873,39.94727480961499,6,74.11063784920692,3.03,3.34,3.3,63.88,0
Yusuf Ajayi,2023006523,Biology,400,98.4831650840783,1.0,72.44095787349009,53.34849485348488,66.85220634445096,9,66.46829429290415,2.97,3.26,3.17,65.12,0
Sola Olawale,2023001522,Chemistry,400,55.69121519588632,1.0,,53.14738978624468,41.898496483705,7,60.00150427756415,3.13,3.22,3.04,62.15,0
Kemi Balogun,2023007523,English Language,300,64.9785775794423,4.0,54.12486205581324,38.90581733242796,87.27591468390801,5,62.508113842203436,2.72,2.79,2.81,61.06,0
Yusuf Olawale,2019004299,Educational Management,100,62.61050011300463,8.0,68.99012473170151,43.209854702024344,70.89135044283071,6,44.649414330036564,2.53,2.85,2.48,54.48,0
Ngozi Ajayi,2018007692,Biology,100,,2.0,50.740974131743954,89.53646152449502,48.441452004983404,6,87.6055114035168,3.56,3.67,3.59,72.79,1
Kemi Adeyemi,2024005855,Yoruba Education,100,78.69718802952391,9.0,41.88599816408953,61.2397637006309,95.07192804050199,7,43.88680742970696,2.74,2.95,2.96,57.19,0
Ibrahim Sanni,2020008929,Geography,200,57.96695017945041,3.0,43.66298708730589,45.95074505869837,38.06302373199825,6,80.1635929709119,2.94,2.94,2.94,57.6,0
Tunde Adeyemi,2022004045,History,300,86.18515185104765,5.0,34.056174117669094,83.15387700156711,69.47036824299198,7,83.19895080473069,3.58,3.38,3.43,70.62,0
Aisha Olawale,2024009381,Yoruba Education,200,89.08780489332909,3.0,96.45054661064802,68.77867880718016,80.47283882667078,7,70.24083294194139,4.0,3.64,3.91,77.24,0
Kemi Olawale,2018008599,English Language,100,88.38000112885996,,58.201572595534074,31.480920799630542,34.11939761327022,6,90.40484624683799,3.16,2.94,3.15,60.92,0
Kemi Eze,2018003979,Mathematics,100,62.08328987259221,5.0,88.38846244014758,52.14530201357006,71.84992232443426,8,50.3735246715455,3.3,3.22,3.39,62.63,0
Aisha Adeyemi,2018005342,Physics,400,55.900469345658465,1.0,77.69306308827838,42.39009877849387,87.11308508241659,6,91.71320548700044,3.91,4.01,4.05,78.12,0
Sola Balogun,2019005781,Yoruba Education,400,83.67335067835856,6.0,43.43448129877598,75.91110026879883,34.726912009263735,8,81.05873217195129,3.21,2.96,3.19,63.24,0
Yusuf Ajayi,2018007916,Yoruba Education,200,87.090313199777,8.0,42.282357260536145,49.252172844117695,65.8570079774639,6,85.91248794332324,3.37,3.15,3.33,65.84,0
Sola Ajayi,2023007201,Geography,400,66.93173401543879,10.0,86.83917410573814,34.546274544696054,48.099002470411804,9,76.520579666912,3.25,3.12,3.21,64.51,0
Aisha Ogunleye,2022008667,Chemistry,300,93.0470162698597,4.0,48.52981974336761,,76.40471160758446,6,,3.31,3.32,3.33,67.45,0
Ibrahim Eze,2024004328,Biology,400,44.354065245106284,9.0,,70.72091085711004,38.30741569551914,5,99.51692039023452,3.97,3.82,3.87,80.4,1
Yusuf Nwosu,2023005542,Physics,400,92.1394706778324,9.0,39.80387832826435,,95.59360014693549,5,59.4113998167247,2.73,2.64,2.57,57.15,0
Ibrahim Eze,2024004877,Physics,300,41.246190143172285,10.0,77.43960301181286,89.4154479195262,92.63100072003122,9,86.97409785966993,4.4,4.21,4.21,86.69,1
Ngozi Nwosu,2019009185,Computer Science,200,,4.0,87.01317132216538,40.87779834800929,43.01820939129964,9,82.12058316626235,3.34,3.36,3.32,67.03,1
Kemi Abdullahi,2020003744,Business Education,300,69.69960086280742,9.0,46.46794718909515,72.4596434636801,52.62861190555732,6,61.70091159984126,2.85,2.77,2.84,58.99,0
Ibrahim Ajayi,2023006283,Physics,200,,6.0,49.334515441959624,61.128161960752195,71.13444822571302,8,94.88642998127584,3.61,3.7,3.8,74.27,1
Kemi Sanni,2019002081,Yoruba Education,200,38.432461591007176,1.0,97.51632202974412,60.999606486233176,80.26436356439754,7,57.60981507008163,3.36,3.7,3.52,70.8,1
Ibrahim Eze,2018008651,English Language,300,35.033718370770856,3.0,48.52183237423108,35.02579996520321,60.98592106121808,5,69.58261413933663,2.98,2.64,2.91,56.74,1
Ibrahim Sanni,2022004457,Computer Science,300,63.360582880127104,7.0,60.096993493003346,86.19265751485509,40.94039253726825,7,37.41596498936731,2.63,2.59,2.72,52.41,0
Tunde Eze,2023004064,History,300,85.35055228399494,2.0,60.27609152696563,92.51367393272768,37.29060456620101,8,45.80426358463863,2.69,2.97,2.81,56.34,0
Sola Ajayi,2024006245,Geography,200,37.264492768194515,5.0,47.71243249507785,30.77116671689599,99.98357358400408,9,88.84873193736325,3.68,3.5,3.65,71.23,1
Ibrahim Adeyemi,2024005488,Biology,200,77.3967444202806,8.0,84.30537605059634,42.50229229879824,61.874648501044106,9,57.758690598019314,2.96,2.96,2.93,60.84,0
Chioma Balogun,2018008630,Physics,100,,2.0,84.02945402604087,93.27329321568351,91.07722244039488,5,57.585886259068076,3.62,4.01,3.95,76.71,0
Ade Olawale,2023005782,Physics,300,45.92005515756162,5.0,56.482260995664994,68.46455289600408,63.76632032403801,6,47.21867127334342,2.98,2.79,2.95,56.63,1
Ade Eze,2023005652,Political Science,300,44.54614276339127,3.0,88.45880537565137,40.50277047737471,94.56503469822023,7,64.4127234008218,3.44,3.69,3.45,70.47,1
Tunde Okeke,2022001944,Chemistry,400,90.95206328533484,6.0,44.915245407930165,44.19533168264112,36.14315679400854,5,86.40718729454358,2.92,3.05,3.0,59.61,0
Yusuf Okeke,2023001197,Educational Management,300,88.50309964675616,3.0,30.301404296737505,76.19903709659799,37.98134339341857,7,92.66148824416177,3.3,3.25,3.44,65.96,0
Ngozi Okeke,2023004586,Economics,200,70.03121480717215,10.0,69.98171534390187,80.73717755728111,95.0742531406957,5,34.908010243092875,3.33,3.23,3.26,63.12,0
Kemi Ogunleye,2021009982,Geography,100,88.24799215410872,1.0,99.5854440716665,,96.32451315313494,5,70.23745118680807,4.09,4.13,4.15,81.67,0
Tunde Ajayi,2018009255,Physics,100,41.02914503259216,10.0,32.70510168788192,96.72038659387681,52.030221322575436,5,62.70913575246342,2.89,3.22,3.11,61.37,1
Chioma Abdullahi,2021006660,Early Childhood Education,200,60.64129866601904,8.0,44.55986515959224,64.5844522563244,54.86154208957103,6,72.99972953301048,3.18,3.02,3.0,62.0,0
Aisha Balogun,2019006676,Guidance and Counselling,200,82.95684114691423,9.0,66.32402497409589,51.019033849976864,61.67151643843306,8,61.30929808357884,2.94,3.02,3.03,60.33,0
Ibrahim Okeke,2018004523,English Language,200,51.73437735605762,9.0,86.69585155114095,63.406303698305756,59.13131760471036,5,57.90513745973906,3.53,3.24,3.25,65.01,0
Ade Adeyemi,2018002597,Computer Science,200,83.90137943818092,2.0,36.232940355253724,55.17664055666277,43.303165117171766,9,63.03164987006426,2.61,2.71,2.6,52.16,0
Yusuf Adeyemi,2022001076,Yoruba Education,400,67.7716092854029,10.0,57.666425763122604,45.70911248722804,92.88627687575621,6,70.73993901294898,3.04,3.22,3.24,67.55,0
Yusuf Nwosu,2021004049,Biology,100,83.76728921663515,6.0,82.29530604409204,33.217427453809805,47.73153204939506,5,65.06882477222437,2.99,3.09,3.07,58.68,0
Yusuf Abdullahi,2021003847,History,200,65.20417646072642,10.0,56.00802458844531,54.65487454955869,79.36906866343561,6,,3.45,3.23,3.31,63.23,0
Sola Ajayi,2023002724,Economics,100,58.91378211441814,9.0,,79.79865433968196,34.700897441448106,8,87.24847169706565,3.56,3.12,3.39,66.44,0
Aisha Eze,2021003332,Computer Science,200,49.2472990711111,6.0,43.684707917761116,31.290646201263566,32.712593206990064,5,82.19535938665004,3.0,2.9,2.94,54.42,1
Aisha Olawale,2022001223,English Language,300,48.544657193275974,4.0,58.703415084049595,,,5,53.896494592683496,2.88,3.37,3.12,60.6,1
Chioma Adeyemi,2018006471,Mathematics,100,83.84690268714074,2.0,63.55919523641238,75.0806581014908,53.73111003012822,9,86.04039822607243,3.78,3.79,3.85,72.89,0
Yusuf Eze,2023009346,Physics,200,42.72917262220743,2.0,90.32700924712097,72.72828764220151,75.88215749040009,7,89.75554683031501,4.08,4.4,4.16,83.69,1
Kemi Olawale,2021007216,Biology,100,40.588852757211434,4.0,74.95766929975954,84.36539051221011,36.581484151818124,6,40.74445437619333,2.81,2.79,2.8,55.48,1
Yusuf Adeyemi,2019005033,Chemistry,400,46.45893872643846,9.0,78.3281368160851,86.73638009618583,96.48959659411044,8,70.78777232115311,3.84,3.78,3.78,80.63,1
Yusuf Balogun,2023004781,English Language,300,46.397523244504924,6.0,98.80910200751349,79.81940746435714,82.39601268251667,9,49.97183955194497,3.51,3.33,3.26,72.19,1
Ade Abdullahi,2023003767,Political Science,100,88.50199548244848,5.0,58.82904082106816,37.19583873013246,91.33870631180594,6,81.74206253487057,3.41,3.55,3.38,70.17,0
Ibrahim Ogunleye,2018002281,Mathematics,100,60.902930525823805,3.0,58.23480822743898,63.25157108030525,39.55293878311576,7,46.714973055107826,2.68,2.46,2.72,50.89,0
Tunde Adeyemi,2019006385,Physics,100,99.37524972843136,6.0,94.63428774080685,72.2384170241326,52.41126782250086,5,76.99824669211223,3.85,3.6,3.76,74.66,0
Tunde Eze,2018006098,Chemistry,200,43.9187317563898,7.0,47.2112910903541,47.18962271666162,55.784091494444084,6,47.858725924034374,2.5,2.45,2.34,49.18,1
Yusuf Eze,2019001065,History,400,77.48008867008681,10.0,81.08706724120066,32.97862723527436,67.6020853828773,7,65.78006344009603,2.93,3.22,2.92,62.65,0
Emeka Eze,2018004739,Biology,300,64.16741796808128,8.0,82.82011967526942,45.65132246132328,50.780793985519,5,96.40525275413344,3.67,3.5,3.58,74.41,0
Chioma Abdullahi,2022003501,History,400,60.539681485309806,7.0,36.845159821181014,61.84260812128472,34.24415195325836,9,56.69152769195041,2.35,2.4,2.53,49.26,0
Ade Okeke,2021002532,Physics,200,91.88047293851534,10.0,62.77619839855088,,55.82148665162295,9,91.30169401742454,3.73,3.83,3.76,72.04,0
Ngozi Abdullahi,2024007326,Biology,200,98.41371697884597,5.0,44.03937299250878,42.36668869290131,47.81845202390975,6,,3.5,3.16,3.46,66.48,0
Tunde Nwosu,2023005731,English Language,200,91.73583232032162,10.0,42.97626909617399,87.7090879878445,57.01449040242504,6,91.23955941636143,3.86,3.83,3.88,74.04,0
Tunde Eze,2022006703,English Language,100,47.49954413728365,4.0,62.467967732401334,94.79806681157072,43.78716798340184,5,41.610622080634,2.73,2.77,2.8,56.85,1
Emeka Ajayi,2021007420,Business Education,400,49.35186487858071,2.0,50.26007952556455,44.09438233369006,48.33274621953149,7,87.37607536746141,2.76,3.26,2.88,63.49,1
Yusuf Sanni,2018009835,Geography,100,77.64480214117911,5.0,85.72423133381096,95.07010408970551,73.88666383025881,5,32.25045765703929,2.93,3.36,3.24,63.84,0
Chioma Ogunleye,2018008224,History,200,53.79043280648246,,93.53234239733376,31.250267142262658,57.170768420464555,6,57.531131858951554,3.18,3.08,3.1,59.4,0
Aisha Ogunleye,2022006582,Political Science,300,82.7571335007377,2.0,86.1904423701856,94.74737308948617,54.17683752186444,7,90.95133613225047,4.11,4.31,4.29,83.4,0
